Dataset,Group,Variant Method,Gap_0 (Variant),Gap_0 (Base)
bayg29,CI,tpn_a_CI,0.62111801242236,2.67080745341615
bayg29,CI,tpn_c_CI,0.62111801242236,2.67080745341615
bayg29,CI,tpn_s_CI,0.62111801242236,2.67080745341615
bayg29,CI,tpn_w_CI,0.31055900621118,2.67080745341615
bayg29,FI,tpn_a_FI,0.0,1.11801242236025
bayg29,FI,tpn_c_FI,0.0,1.11801242236025
bayg29,FI,tp_s_FI,0.0,1.11801242236025
bayg29,FI,tpn_s_FI,0.0,1.11801242236025
bayg29,FI,tp_w_FI,0.496894409937888,1.11801242236025
bayg29,FI,tpn_w_FI,0.0,1.11801242236025
bayg29,NI,tpn_a_NI,0.62111801242236,7.7639751552795
bayg29,NI,tpn_c_NI,0.62111801242236,7.7639751552795
bayg29,NI,tpn_w_NI,0.0,7.7639751552795
berlin52,NN,tpn_c_NN,0.0927169189098659,8.48835263492008
brazil58,FI,tpn_a_FI,0.956881275841701,1.05926363457373
brazil58,FI,tpn_c_FI,0.0393778302815515,1.05926363457373
brazil58,FI,tpn_s_FI,0.12994683992912,1.05926363457373
brazil58,FI,tpn_w_FI,0.492222878519394,1.05926363457373
ch150,FI,tpn_a_FI,0.897556065075002,3.45197749526289
dantzig42,FI,tp_a_FI,0.0,1.28755364806867
dantzig42,FI,tpn_a_FI,0.0,1.28755364806867
dantzig42,FI,tp_c_FI,0.715307582260372,1.28755364806867
dantzig42,FI,tpn_c_FI,0.0,1.28755364806867
dantzig42,FI,tp_s_FI,0.143061516452074,1.28755364806867
dantzig42,FI,tpn_s_FI,0.0,1.28755364806867
dantzig42,FI,tpn_w_FI,0.0,1.28755364806867
gr21,CI,tpn_a_CI,0.0,12.3014407092723
gr21,CI,tpn_c_CI,0.0,12.3014407092723
gr21,CI,tpn_w_CI,0.0,12.3014407092723
gr21,NI,tpn_c_NI,0.0,12.3014407092723
gr21,NI,tpn_w_NI,0.073882526782416,12.3014407092723
gr21,NN,tpn_c_NN,0.0,10.9346139637976
gr21,NN,tpn_w_NN,0.0,10.9346139637976
gr24,CI,tpn_c_CI,0.471698113207547,6.76100628930818
gr24,CI,tpn_w_CI,0.471698113207547,6.76100628930818
gr24,NN,tpn_a_NN,0.471698113207547,22.0911949685535
gr24,NN,tpn_c_NN,0.471698113207547,22.0911949685535
gr24,NN,tpn_s_NN,0.471698113207547,22.0911949685535
gr24,NN,tpn_w_NN,0.0,22.0911949685535
gr48,CI,tpn_c_CI,0.832342449464923,6.40110978993262
gr48,NI,tpn_c_NI,0.673801030519223,4.34007134363853
gr48,NI,tpn_s_NI,0.772889417360285,4.34007134363853
gr96,FI,tpn_a_FI,0.391240558604575,2.29672698291945
gr96,FI,tpn_c_FI,0.195620279302288,2.29672698291945
gr96,FI,tpn_s_FI,0.610407723378435,2.29672698291945
gr96,FI,tpn_w_FI,0.412976145193718,2.29672698291945
kroa100,FI,tpn_a_FI,0.119455218511316,1.63676229886185
kroa100,FI,tpn_c_FI,0.11945521851135,1.63676229886185
kroa100,FI,tp_s_FI,0.798653037405988,1.63676229886185
kroa100,FI,tpn_s_FI,0.0161788439577343,1.63676229886185
kroa100,FI,tpn_w_FI,0.119455218511299,1.63676229886185
kroa150,FI,tpn_w_FI,0.985765857617046,2.92277249217108
krob100,FI,tpn_s_FI,0.85225377449303,2.48394621217432
krob150,FI,tpn_c_FI,0.71986189373339,2.19144863055442
krob200,FI,tpn_a_FI,0.771061144590661,3.43622056878732
krod100,FI,tpn_a_FI,0.708505331365475,1.83337082724407
krod100,FI,tpn_c_FI,0.571063936077608,1.83337082724407
krod100,FI,tp_s_FI,0.779590492337812,1.83337082724407
krod100,FI,tpn_w_FI,0.510244681419564,1.83337082724407
kroe100,FI,tpn_a_FI,0.772962670379387,1.95545714547589
kroe100,FI,tpn_c_FI,0.701886299810722,1.95545714547589
kroe100,FI,tpn_s_FI,0.194030124994837,1.95545714547589
kroe100,FI,tpn_w_FI,0.7450277640406,1.95545714547589
lin105,FI,tpn_a_FI,0.304810529951545,1.72071960697153
lin105,FI,tpn_c_FI,0.285840716099346,1.72071960697153
lin105,FI,tpn_s_FI,0.38361500625025,1.72071960697153
lin105,FI,tpn_w_FI,0.188595814980832,1.72071960697153
rd100,FI,tpn_a_FI,0.858836524398986,2.59967423243134
rd100,FI,tpn_c_FI,0.756647229292784,2.59967423243134
rd100,FI,tpn_s_FI,0.844005963587806,2.59967423243134
rd100,FI,tp_w_FI,0.699500121630319,2.59967423243134
rd100,FI,tpn_w_FI,0.600036074651748,2.59967423243134
st70,FI,tpn_a_FI,0.568919934601025,2.09092056027602
st70,FI,tpn_c_FI,0.374103696025065,2.09092056027602
st70,FI,tpn_s_FI,0.556076146004923,2.09092056027602
st70,FI,tpn_w_FI,0.520194734556787,2.09092056027602
Tnm163,CI,tpn_s_CI,0.557385279513483,5.2061009641198
Tnm52,CI,tpn_a_CI,0.628304383248101,2.47843241492626
Tnm52,CI,tpn_c_CI,0.358034987803559,2.47843241492626
Tnm52,CI,tpn_w_CI,0.499179782738392,2.47843241492626
Tnm52,NI,tpn_a_NI,0.488913322785258,1.95957224381955
Tnm52,NI,tpn_c_NI,0.628725721515584,1.95957224381955
Tnm52,NI,tpn_w_NI,0.628243330933638,1.95957224381955
Tnm73,NI,tpn_a_NI,0.872224870950301,1.73651372796166
Tnm73,NI,tpn_s_NI,0.763944992404295,1.73651372796166
